{
				"title": "哈哈哈测试",
				"resources": [{
						"type": "title",
						"value": "中国工厂的1"
					},
					{
						"type": "paragraph",
						"value": "中国工厂的"
					},
					{
						"type": "paragraph",
						"value": "中国工厂的"
					},
					{
						"type": "paragraph",
						"value": "中国工厂的"
					},
					{
						"type": "paragraph",
						"value": "中国工厂的"
					},
					{
						"type": "paragraph",
						"value": "中国工厂的"
					},
					{
						"type": "title",
						"value": "中国工厂的2"
					},
					{
						"type": "paragraph",
						"value": "中国工厂的"
					}
				]
			}